{
  "accuracy": 0.8842504743833017,
  "f1": 0.9319087864774358
}